[
  {
    "title": "A Light in the Attic",
    "price": "Â£51.77",
    "availability": "In stock"
  },
  {
    "title": "Tipping the Velvet",
    "price": "Â£53.74",
    "availability": "In stock"
  },
  {
    "title": "Soumission",
    "price": "Â£50.10",
    "availability": "In stock"
  },
  {
    "title": "Sharp Objects",
    "price": "Â£47.82",
    "availability": "In stock"
  },
  {
    "title": "Sapiens: A Brief History of Humankind",
    "price": "Â£54.23",
    "availability": "In stock"
  },
  {
    "title": "The Requiem Red",
    "price": "Â£22.65",
    "availability": "In stock"
  },
  {
    "title": "The Dirty Little Secrets of Getting Your Dream Job",
    "price": "Â£33.34",
    "availability": "In stock"
  },
  {
    "title": "The Coming Woman: A Novel Based on the Life of the Infamous Feminist, Victoria Woodhull",
    "price": "Â£17.93",
    "availability": "In stock"
  },
  {
    "title": "The Boys in the Boat: Nine Americans and Their Epic Quest for Gold at the 1936 Berlin Olympics",
    "price": "Â£22.60",
    "availability": "In stock"
  },
  {
    "title": "The Black Maria",
    "price": "Â£52.15",
    "availability": "In stock"
  },
  {
    "title": "Starving Hearts (Triangular Trade Trilogy, #1)",
    "price": "Â£13.99",
    "availability": "In stock"
  },
  {
    "title": "Shakespeare's Sonnets",
    "price": "Â£20.66",
    "availability": "In stock"
  },
  {
    "title": "Set Me Free",
    "price": "Â£17.46",
    "availability": "In stock"
  },
  {
    "title": "Scott Pilgrim's Precious Little Life (Scott Pilgrim #1)",
    "price": "Â£52.29",
    "availability": "In stock"
  },
  {
    "title": "Rip it Up and Start Again",
    "price": "Â£35.02",
    "availability": "In stock"
  },
  {
    "title": "Our Band Could Be Your Life: Scenes from the American Indie Underground, 1981-1991",
    "price": "Â£57.25",
    "availability": "In stock"
  },
  {
    "title": "Olio",
    "price": "Â£23.88",
    "availability": "In stock"
  },
  {
    "title": "Mesaerion: The Best Science Fiction Stories 1800-1849",
    "price": "Â£37.59",
    "availability": "In stock"
  },
  {
    "title": "Libertarianism for Beginners",
    "price": "Â£51.33",
    "availability": "In stock"
  },
  {
    "title": "It's Only the Himalayas",
    "price": "Â£45.17",
    "availability": "In stock"
  },
  {
    "title": "In Her Wake",
    "price": "Â£12.84",
    "availability": "In stock"
  },
  {
    "title": "How Music Works",
    "price": "Â£37.32",
    "availability": "In stock"
  },
  {
    "title": "Foolproof Preserving: A Guide to Small Batch Jams, Jellies, Pickles, Condiments, and More: A Foolproof Guide to Making Small Batch Jams, Jellies, Pickles, Condiments, and More",
    "price": "Â£30.52",
    "availability": "In stock"
  },
  {
    "title": "Chase Me (Paris Nights #2)",
    "price": "Â£25.27",
    "availability": "In stock"
  },
  {
    "title": "Black Dust",
    "price": "Â£34.53",
    "availability": "In stock"
  },
  {
    "title": "Birdsong: A Story in Pictures",
    "price": "Â£54.64",
    "availability": "In stock"
  },
  {
    "title": "America's Cradle of Quarterbacks: Western Pennsylvania's Football Factory from Johnny Unitas to Joe Montana",
    "price": "Â£22.50",
    "availability": "In stock"
  },
  {
    "title": "Aladdin and His Wonderful Lamp",
    "price": "Â£53.13",
    "availability": "In stock"
  },
  {
    "title": "Worlds Elsewhere: Journeys Around Shakespeareâs Globe",
    "price": "Â£40.30",
    "availability": "In stock"
  },
  {
    "title": "Wall and Piece",
    "price": "Â£44.18",
    "availability": "In stock"
  },
  {
    "title": "The Four Agreements: A Practical Guide to Personal Freedom",
    "price": "Â£17.66",
    "availability": "In stock"
  },
  {
    "title": "The Five Love Languages: How to Express Heartfelt Commitment to Your Mate",
    "price": "Â£31.05",
    "availability": "In stock"
  },
  {
    "title": "The Elephant Tree",
    "price": "Â£23.82",
    "availability": "In stock"
  },
  {
    "title": "The Bear and the Piano",
    "price": "Â£36.89",
    "availability": "In stock"
  },
  {
    "title": "Sophie's World",
    "price": "Â£15.94",
    "availability": "In stock"
  },
  {
    "title": "Penny Maybe",
    "price": "Â£33.29",
    "availability": "In stock"
  },
  {
    "title": "Maude (1883-1993):She Grew Up with the country",
    "price": "Â£18.02",
    "availability": "In stock"
  },
  {
    "title": "In a Dark, Dark Wood",
    "price": "Â£19.63",
    "availability": "In stock"
  },
  {
    "title": "Behind Closed Doors",
    "price": "Â£52.22",
    "availability": "In stock"
  },
  {
    "title": "You can't bury them all: Poems",
    "price": "Â£33.63",
    "availability": "In stock"
  },
  {
    "title": "Slow States of Collapse: Poems",
    "price": "Â£57.31",
    "availability": "In stock"
  },
  {
    "title": "Reasons to Stay Alive",
    "price": "Â£26.41",
    "availability": "In stock"
  },
  {
    "title": "Private Paris (Private #10)",
    "price": "Â£47.61",
    "availability": "In stock"
  },
  {
    "title": "#HigherSelfie: Wake Up Your Life. Free Your Soul. Find Your Tribe.",
    "price": "Â£23.11",
    "availability": "In stock"
  },
  {
    "title": "Without Borders (Wanderlove #1)",
    "price": "Â£45.07",
    "availability": "In stock"
  },
  {
    "title": "When We Collided",
    "price": "Â£31.77",
    "availability": "In stock"
  },
  {
    "title": "We Love You, Charlie Freeman",
    "price": "Â£50.27",
    "availability": "In stock"
  },
  {
    "title": "Untitled Collection: Sabbath Poems 2014",
    "price": "Â£14.27",
    "availability": "In stock"
  },
  {
    "title": "Unseen City: The Majesty of Pigeons, the Discreet Charm of Snails & Other Wonders of the Urban Wilderness",
    "price": "Â£44.18",
    "availability": "In stock"
  },
  {
    "title": "Unicorn Tracks",
    "price": "Â£18.78",
    "availability": "In stock"
  },
  {
    "title": "Unbound: How Eight Technologies Made Us Human, Transformed Society, and Brought Our World to the Brink",
    "price": "Â£25.52",
    "availability": "In stock"
  },
  {
    "title": "Tsubasa: WoRLD CHRoNiCLE 2 (Tsubasa WoRLD CHRoNiCLE #2)",
    "price": "Â£16.28",
    "availability": "In stock"
  },
  {
    "title": "Throwing Rocks at the Google Bus: How Growth Became the Enemy of Prosperity",
    "price": "Â£31.12",
    "availability": "In stock"
  },
  {
    "title": "This One Summer",
    "price": "Â£19.49",
    "availability": "In stock"
  },
  {
    "title": "Thirst",
    "price": "Â£17.27",
    "availability": "In stock"
  },
  {
    "title": "The Torch Is Passed: A Harding Family Story",
    "price": "Â£19.09",
    "availability": "In stock"
  },
  {
    "title": "The Secret of Dreadwillow Carse",
    "price": "Â£56.13",
    "availability": "In stock"
  },
  {
    "title": "The Pioneer Woman Cooks: Dinnertime: Comfort Classics, Freezer Food, 16-Minute Meals, and Other Delicious Ways to Solve Supper!",
    "price": "Â£56.41",
    "availability": "In stock"
  },
  {
    "title": "The Past Never Ends",
    "price": "Â£56.50",
    "availability": "In stock"
  },
  {
    "title": "The Natural History of Us (The Fine Art of Pretending #2)",
    "price": "Â£45.22",
    "availability": "In stock"
  },
  {
    "title": "The Nameless City (The Nameless City #1)",
    "price": "Â£38.16",
    "availability": "In stock"
  },
  {
    "title": "The Murder That Never Was (Forensic Instincts #5)",
    "price": "Â£54.11",
    "availability": "In stock"
  },
  {
    "title": "The Most Perfect Thing: Inside (and Outside) a Bird's Egg",
    "price": "Â£42.96",
    "availability": "In stock"
  },
  {
    "title": "The Mindfulness and Acceptance Workbook for Anxiety: A Guide to Breaking Free from Anxiety, Phobias, and Worry Using Acceptance and Commitment Therapy",
    "price": "Â£23.89",
    "availability": "In stock"
  },
  {
    "title": "The Life-Changing Magic of Tidying Up: The Japanese Art of Decluttering and Organizing",
    "price": "Â£16.77",
    "availability": "In stock"
  },
  {
    "title": "The Inefficiency Assassin: Time Management Tactics for Working Smarter, Not Longer",
    "price": "Â£20.59",
    "availability": "In stock"
  },
  {
    "title": "The Gutsy Girl: Escapades for Your Life of Epic Adventure",
    "price": "Â£37.13",
    "availability": "In stock"
  },
  {
    "title": "The Electric Pencil: Drawings from Inside State Hospital No. 3",
    "price": "Â£56.06",
    "availability": "In stock"
  },
  {
    "title": "The Death of Humanity: and the Case for Life",
    "price": "Â£58.11",
    "availability": "In stock"
  },
  {
    "title": "The Bulletproof Diet: Lose up to a Pound a Day, Reclaim Energy and Focus, Upgrade Your Life",
    "price": "Â£49.05",
    "availability": "In stock"
  },
  {
    "title": "The Art Forger",
    "price": "Â£40.76",
    "availability": "In stock"
  },
  {
    "title": "The Age of Genius: The Seventeenth Century and the Birth of the Modern Mind",
    "price": "Â£19.73",
    "availability": "In stock"
  },
  {
    "title": "The Activist's Tao Te Ching: Ancient Advice for a Modern Revolution",
    "price": "Â£32.24",
    "availability": "In stock"
  },
  {
    "title": "Spark Joy: An Illustrated Master Class on the Art of Organizing and Tidying Up",
    "price": "Â£41.83",
    "availability": "In stock"
  },
  {
    "title": "Soul Reader",
    "price": "Â£39.58",
    "availability": "In stock"
  },
  {
    "title": "Security",
    "price": "Â£39.25",
    "availability": "In stock"
  },
  {
    "title": "Saga, Volume 6 (Saga (Collected Editions) #6)",
    "price": "Â£25.02",
    "availability": "In stock"
  },
  {
    "title": "Saga, Volume 5 (Saga (Collected Editions) #5)",
    "price": "Â£51.04",
    "availability": "In stock"
  },
  {
    "title": "Reskilling America: Learning to Labor in the Twenty-First Century",
    "price": "Â£19.83",
    "availability": "In stock"
  },
  {
    "title": "Rat Queens, Vol. 3: Demons (Rat Queens (Collected Editions) #11-15)",
    "price": "Â£50.40",
    "availability": "In stock"
  },
  {
    "title": "Princess Jellyfish 2-in-1 Omnibus, Vol. 01 (Princess Jellyfish 2-in-1 Omnibus #1)",
    "price": "Â£13.61",
    "availability": "In stock"
  },
  {
    "title": "Princess Between Worlds (Wide-Awake Princess #5)",
    "price": "Â£13.34",
    "availability": "In stock"
  },
  {
    "title": "Pop Gun War, Volume 1: Gift",
    "price": "Â£18.97",
    "availability": "In stock"
  },
  {
    "title": "Political Suicide: Missteps, Peccadilloes, Bad Calls, Backroom Hijinx, Sordid Pasts, Rotten Breaks, and Just Plain Dumb Mistakes in the Annals of American Politics",
    "price": "Â£36.28",
    "availability": "In stock"
  },
  {
    "title": "Patience",
    "price": "Â£10.16",
    "availability": "In stock"
  },
  {
    "title": "Outcast, Vol. 1: A Darkness Surrounds Him (Outcast #1)",
    "price": "Â£15.44",
    "availability": "In stock"
  },
  {
    "title": "orange: The Complete Collection 1 (orange: The Complete Collection #1)",
    "price": "Â£48.41",
    "availability": "In stock"
  },
  {
    "title": "Online Marketing for Busy Authors: A Step-By-Step Guide",
    "price": "Â£46.35",
    "availability": "In stock"
  },
  {
    "title": "On a Midnight Clear",
    "price": "Â£14.07",
    "availability": "In stock"
  },
  {
    "title": "Obsidian (Lux #1)",
    "price": "Â£14.86",
    "availability": "In stock"
  },
  {
    "title": "My Paris Kitchen: Recipes and Stories",
    "price": "Â£33.37",
    "availability": "In stock"
  },
  {
    "title": "Masks and Shadows",
    "price": "Â£56.40",
    "availability": "In stock"
  },
  {
    "title": "Mama Tried: Traditional Italian Cooking for the Screwed, Crude, Vegan, and Tattooed",
    "price": "Â£14.02",
    "availability": "In stock"
  },
  {
    "title": "Lumberjanes, Vol. 2: Friendship to the Max (Lumberjanes #5-8)",
    "price": "Â£46.91",
    "availability": "In stock"
  },
  {
    "title": "Lumberjanes, Vol. 1: Beware the Kitten Holy (Lumberjanes #1-4)",
    "price": "Â£45.61",
    "availability": "In stock"
  },
  {
    "title": "Lumberjanes Vol. 3: A Terrible Plan (Lumberjanes #9-12)",
    "price": "Â£19.92",
    "availability": "In stock"
  },
  {
    "title": "Layered: Baking, Building, and Styling Spectacular Cakes",
    "price": "Â£40.11",
    "availability": "In stock"
  },
  {
    "title": "Judo: Seven Steps to Black Belt (an Introductory Guide for Beginners)",
    "price": "Â£53.90",
    "availability": "In stock"
  },
  {
    "title": "Join",
    "price": "Â£35.67",
    "availability": "In stock"
  },
  {
    "title": "In the Country We Love: My Family Divided",
    "price": "Â£22.00",
    "availability": "In stock"
  }
]